{"epoch": 261, "time_epoch": 50.04393, "time_epoch_std": 0.0, "eta": 36869.74953, "eta_std": 0.0, "eta_hours": 10.2416, "eta_hours_std": 0.0, "loss": 0.05722, "loss_std": 0.0, "lr": 9e-05, "lr_std": 0.0, "params": 454753.0, "params_std": 0.0, "time_iter": 0.15988, "time_iter_std": 0.0, "mae": 0.05722, "mae_std": 0.0, "r2": 0.9948, "r2_std": 0.0, "spearmanr": 0.99794, "spearmanr_std": 0.0, "mse": 0.02101, "mse_std": 0.0, "rmse": 0.14495, "rmse_std": 0.0}
